Transcrição,Label
adoro porque deixa pele macia gosto porque deixa pele cheirosa gosto porque deixa pele gostosa,1
uso deixa pele assim macia suave gostosa agora novos perfumes nova embalagem sensacional,1
chegaram novas fragrancias inspiradas tradicao oriental flor cerejeira,1
dizem jeitos romanticos declarar amor colocar verso petalas flor caribe falei momento perfeito cria voce arrisquese amor novo,1
deixa pele macia cheirosa gostosa principalmente hidratada voce tambem quer ter pele bonita bem tratada use,1
flores colhidas antes amanhecer estao perfumadas criamos revele lado ousado,1
poderoso encontrei protecao contra suor mal cheiro tornar homem legendario assim vencer barreiras homem animal,0
descubra forca sentirse bem propria pele nova linha cuidados pessoais perfumaria,0
novo refrescante cabelo barba multifuncional pre pos barba fragrancia amadeirada frescor intenso elo bem,0
toda emocao busca aventura agreste refrescante siga instinto,0
foco faz vencer desafios vencer caspa oleosidade coceira use tres vezes acao anticaspa cabelos limpos dia todo encontre poder melhor versao,0
prometo amar respeitar cuidar voce prometo seguir sentir energia prometo levar voce mim todos dias sinta potencia frescor agora nova embalagem feita plastico retirado litoral,0